position,Y,U,V
0,62,120,138
1,62,120,138
2,62,120,139
3,61,120,139
4,61,120,139
5,60,120,139
6,60,120,137
7,61,120,137
8,61,120,137
9,62,120,137
10,62,120,138
11,62,120,138
12,64,122,137
13,66,122,137
14,73,131,133
15,76,131,133
16,90,137,126
17,100,137,126
18,111,136,127
19,117,136,127
20,123,136,128
21,125,136,128
22,124,136,128
23,125,136,128
24,127,138,128
25,129,138,128
26,130,137,128
27,130,137,128
28,131,137,128
29,131,137,128
30,131,138,128
31,131,138,128
32,131,138,128
33,131,138,128
34,131,138,128
35,130,138,128
36,126,139,128
37,123,139,128
38,122,139,128
39,123,139,128
40,122,137,128
41,123,137,128
42,124,136,128
43,122,136,128
44,120,138,129
45,123,138,129
46,127,139,129
47,129,139,129
48,130,137,129
49,128,137,129
50,127,137,129
51,126,137,129
52,125,136,129
53,124,136,129
54,123,136,129
55,123,136,129
56,123,137,128
57,122,137,128
58,122,138,128
59,122,138,128
60,122,138,128
61,125,138,128
62,126,138,128
63,126,138,128
64,124,136,128
65,123,136,128
66,120,134,128
67,120,134,128
68,119,133,128
69,122,133,128
70,124,133,127
71,127,133,127
72,128,139,127
73,129,139,127
74,129,140,127
75,129,140,127
76,129,140,127
77,129,140,127
78,128,140,127
79,128,140,127
80,128,139,127
81,128,139,127
82,128,139,127
83,128,139,127
84,127,137,128
85,124,137,128
86,123,134,128
87,118,134,128
88,109,131,126
89,92,131,126
90,85,120,117
91,79,120,117
92,79,114,113
93,80,114,113
94,80,114,113
95,79,114,113
96,78,112,113
97,78,112,113
98,78,113,113
99,79,113,113
100,78,113,113
101,77,113,113
102,78,113,114
103,77,113,114
104,77,113,115
105,77,113,115
106,75,115,120
107,77,115,120
108,77,115,133
109,78,115,133
110,79,116,141
111,78,116,141
112,78,116,142
113,78,116,142
114,78,116,143
115,79,116,143
116,79,116,143
117,79,116,143
118,79,116,143
119,78,116,143
120,78,116,143
121,78,116,143
122,78,116,143
123,77,116,143
124,77,115,144
125,77,115,144
126,77,115,144
127,78,115,144
128,78,115,144
129,78,115,144
130,78,116,144
131,78,116,144
132,78,116,144
133,78,116,144
134,78,114,144
135,77,114,144
136,77,114,145
137,78,114,145
138,78,115,144
139,74,115,144
140,72,117,144
141,64,117,144
142,62,117,142
143,59,117,142
144,58,117,140
145,58,117,140
146,58,119,140
147,62,119,140
148,65,121,140
149,67,121,140
150,67,119,141
151,67,119,141
152,68,118,142
153,72,118,142
154,76,116,144
155,80,116,144
156,83,114,143
157,85,114,143
158,88,115,142
159,91,115,142
160,92,121,141
161,94,121,141
162,93,121,141
163,93,121,141
164,93,121,141
165,93,121,141
166,93,120,141
167,92,120,141
168,92,119,141
169,91,119,141
170,91,119,142
171,89,119,142
172,89,118,143
173,89,118,143
174,87,117,143
175,84,117,143
176,81,117,143
177,80,117,143
178,79,117,143
179,79,117,143
180,76,116,144
181,72,116,144
182,68,118,143
183,68,118,143
184,68,121,143
185,69,121,143
186,70,122,143
187,67,122,143
188,65,120,142
189,66,120,142
190,65,118,142
191,65,118,142
192,65,117,143
193,66,117,143
194,70,116,143
195,72,116,143
196,78,117,142
197,80,117,142
198,81,117,142
199,81,117,142
200,82,117,143
201,86,117,143
202,88,117,143
203,88,117,143
204,88,116,143
205,88,116,143
206,86,116,143
207,87,116,143
208,87,116,144
209,87,116,144
210,88,116,143
211,89,116,143
212,87,115,143
213,86,115,143
214,85,116,143
215,85,116,143
216,84,117,143
217,84,117,143
218,82,116,144
219,81,116,144
220,81,114,145
221,79,114,145
222,79,113,145
223,78,113,145
224,77,112,146
225,78,112,146
226,78,112,146
227,78,112,146
228,78,111,146
229,78,111,146
230,78,111,146
231,77,111,146
232,77,117,145
233,77,117,145
234,78,116,145
235,77,116,145
236,78,114,145
237,78,114,145
238,78,114,145
239,80,114,145
240,82,115,144
241,87,115,144
242,88,115,143
243,88,115,143
244,88,116,144
245,88,116,144
246,89,117,144
247,88,117,144
248,88,117,144
249,88,117,144
250,89,117,144
251,89,117,144
252,88,117,144
253,88,117,144
254,89,117,144
255,88,117,144
256,88,117,144
257,88,117,144
258,88,117,144
259,88,117,144
260,88,117,144
261,88,117,144
262,88,117,144
263,88,117,144
264,89,117,144
265,89,117,144
266,89,116,145
267,89,116,145
268,90,115,145
269,90,115,145
270,91,115,144
271,91,115,144
272,90,115,144
273,90,115,144
274,89,115,144
275,89,115,144
276,90,115,143
277,90,115,143
278,90,114,143
279,90,114,143
280,90,114,143
281,91,114,143
282,91,114,143
283,91,114,143
284,90,114,143
285,90,114,143
286,90,114,143
287,91,114,143
288,91,114,143
289,91,114,143
290,91,115,143
291,91,115,143
292,91,115,143
293,91,115,143
294,91,115,144
295,91,115,144
296,92,115,144
297,92,115,144
298,92,115,144
299,92,115,144
300,92,115,144
301,92,115,144
302,92,115,143
303,92,115,143
304,92,114,143
305,93,114,143
306,95,113,143
307,95,113,143
308,94,113,143
309,93,113,143
310,93,113,143
311,93,113,143
312,92,115,143
313,92,115,143
314,93,115,144
315,93,115,144
316,94,115,144
317,94,115,144
318,93,115,144
319,93,115,144
320,94,115,144
321,94,115,144
322,94,113,144
323,95,113,144
324,95,113,144
325,95,113,144
326,95,114,144
327,94,114,144
328,94,114,144
329,94,114,144
330,94,115,144
331,94,115,144
332,95,115,144
333,96,115,144
334,97,115,144
335,97,115,144
336,96,116,144
337,96,116,144
338,97,116,143
339,96,116,143
340,96,116,143
341,96,116,143
342,97,116,143
343,99,116,143
344,98,118,142
345,95,118,142
346,96,118,143
347,94,118,143
348,93,118,143
349,95,118,143
350,97,116,143
351,97,116,143
352,97,115,143
353,97,115,143
354,97,115,143
355,97,115,143
356,97,115,143
357,97,115,143
358,97,115,143
359,97,115,143
360,97,115,144
361,98,115,144
362,98,118,144
363,98,118,144
364,99,118,144
365,99,118,144
366,99,117,144
367,99,117,144
368,100,117,143
369,100,117,143
370,100,117,143
371,100,117,143
372,100,116,143
373,100,116,143
374,99,116,143
375,99,116,143
376,99,116,143
377,99,116,143
378,99,116,143
379,99,116,143
380,98,116,144
381,99,116,144
382,99,117,143
383,99,117,143
384,99,116,143
385,99,116,143
386,99,116,143
387,100,116,143
388,100,117,143
389,100,117,143
390,100,117,143
391,100,117,143
392,100,117,143
393,100,117,143
394,100,117,143
395,100,117,143
396,100,116,143
397,100,116,143
398,100,116,143
399,101,116,143
400,102,117,143
401,103,117,143
402,103,116,143
403,103,116,143
404,102,116,143
405,102,116,143
406,102,116,143
407,102,116,143
408,103,116,143
409,103,116,143
410,103,116,143
411,104,116,143
412,103,116,143
413,104,116,143
414,104,117,143
415,104,117,143
416,104,117,143
417,103,117,143
418,102,117,143
419,101,117,143
420,101,116,143
421,101,116,143
422,102,116,143
423,103,116,143
424,105,116,142
425,105,116,142
426,105,116,142
427,104,116,142
428,104,115,142
429,104,115,142
430,104,115,143
431,104,115,143
432,104,115,142
433,104,115,142
434,106,117,142
435,106,117,142
436,108,118,142
437,109,118,142
438,108,119,142
439,108,119,142
440,110,119,142
441,109,119,142
442,110,116,142
443,110,116,142
444,110,116,142
445,109,116,142
446,110,115,142
447,111,115,142
448,112,116,141
449,113,116,141
450,113,119,141
451,112,119,141
452,110,118,142
453,106,118,142
454,103,113,142
455,102,113,142
456,102,113,142
457,104,113,142
458,104,113,142
459,104,113,142
460,104,112,142
461,103,112,142
462,103,115,142
463,102,115,142
464,103,115,143
465,102,115,143
466,102,115,143
467,102,115,143
468,102,115,143
469,102,115,143
470,102,116,143
471,102,116,143
472,103,116,143
473,103,116,143
474,102,116,143
475,103,116,143
476,103,117,143
477,103,117,143
478,104,116,143
479,104,116,143
480,104,116,143
481,105,116,143
482,104,116,143
483,104,116,143
484,104,116,143
485,104,116,143
486,104,116,143
487,104,116,143
488,104,116,143
489,105,116,143
490,107,116,143
491,107,116,143
492,106,117,142
493,105,117,142
494,105,117,142
495,105,117,142
496,104,117,142
497,103,117,142
498,104,116,142
499,105,116,142
500,105,116,143
501,106,116,143
502,106,116,143
503,106,116,143
504,105,116,143
505,105,116,143
506,105,117,143
507,106,117,143
508,106,116,143
509,106,116,143
510,106,115,143
511,105,115,143
512,106,116,143
513,106,116,143
514,106,116,143
515,106,116,143
516,108,116,143
517,107,116,143
518,107,117,142
519,107,117,142
520,107,117,142
521,107,117,142
522,106,117,142
523,106,117,142
524,107,116,142
525,107,116,142
526,109,117,142
527,110,117,142
528,113,118,142
529,114,118,142
530,114,118,142
531,114,118,142
532,113,116,142
533,108,116,142
534,101,114,143
535,102,114,143
536,105,113,142
537,105,113,142
538,106,113,143
539,107,113,143
540,107,116,142
541,107,116,142
542,107,117,142
543,107,117,142
544,107,117,143
545,106,117,143
546,107,117,142
547,108,117,142
548,109,117,142
549,108,117,142
550,107,117,142
551,106,117,142
552,106,118,143
553,107,118,143
554,108,118,142
555,108,118,142
556,108,119,142
557,108,119,142
558,108,119,141
559,109,119,141
560,109,118,141
561,109,118,141
562,109,117,142
563,110,117,142
564,110,118,142
565,110,118,142
566,110,118,142
567,110,118,142
568,110,119,142
569,110,119,142
570,109,119,142
571,109,119,142
572,109,118,142
573,109,118,142
574,110,118,142
575,110,118,142
576,110,117,142
577,110,117,142
578,110,117,142
579,110,117,142
580,110,117,142
581,110,117,142
582,110,117,142
583,110,117,142
584,110,117,142
585,110,117,142
586,110,117,142
587,109,117,142
588,109,117,142
589,108,117,142
590,109,117,141
591,109,117,141
592,109,118,142
593,109,118,142
594,109,118,142
595,108,118,142
596,108,117,141
597,109,117,141
598,109,117,141
599,109,117,141
600,110,117,142
601,110,117,142
602,110,116,142
603,110,116,142
604,110,116,142
605,110,116,142
606,110,117,142
607,111,117,142
608,110,116,142
609,111,116,142
610,111,116,142
611,112,116,142
612,112,120,142
613,111,120,142
614,107,120,141
615,107,120,141
616,104,121,140
617,104,121,140
618,103,120,141
619,100,120,141
620,100,120,141
621,104,120,141
622,105,120,140
623,105,120,140
624,107,120,140
625,109,120,140
626,110,119,140
627,108,119,140
628,106,119,141
629,105,119,141
630,104,119,141
631,104,119,141
632,104,117,140
633,104,117,140
634,105,117,140
635,105,117,140
636,105,118,140
637,103,118,140
638,102,118,139
639,100,118,139
640,98,118,139
641,95,118,139
642,95,119,139
643,95,119,139
644,97,121,139
645,100,121,139
646,104,123,137
647,101,123,137
648,99,122,137
649,97,122,137
650,97,121,137
651,100,121,137
652,106,121,139
653,109,121,139
654,114,119,141
655,115,119,141
656,115,120,141
657,114,120,141
658,112,122,139
659,107,122,139
660,102,124,137
661,95,124,137
662,88,124,135
663,85,124,135
664,83,125,134
665,82,125,134
666,79,127,134
667,79,127,134
668,77,127,134
669,78,127,134
670,78,127,134
671,79,127,134
672,78,128,134
673,78,128,134
674,77,127,134
675,76,127,134
676,77,127,135
677,76,127,135
678,75,127,135
679,75,127,135
680,77,128,134
681,78,128,134
682,81,127,134
683,86,127,134
684,91,123,136
685,95,123,136
686,102,124,138
687,109,124,138
688,113,123,140
689,117,123,140
690,117,120,141
691,117,120,141
692,117,119,142
693,117,119,142
694,117,119,142
695,117,119,142
696,117,119,142
697,117,119,142
698,117,120,141
699,117,120,141
700,117,120,141
701,117,120,141
702,117,120,141
703,117,120,141
704,116,120,141
705,115,120,141
706,114,120,141
707,115,120,141
708,117,120,141
709,117,120,141
710,117,120,140
711,117,120,140
712,117,120,141
713,117,120,141
714,117,120,141
715,117,120,141
716,117,121,141
717,117,121,141
718,117,120,141
719,117,120,141
720,117,120,141
721,117,120,141
722,118,120,140
723,118,120,140
724,117,122,141
725,118,122,141
726,119,121,141
727,118,121,141
728,118,120,140
729,118,120,140
730,118,119,140
731,119,119,140
732,119,119,140
733,119,119,140
734,118,119,140
735,118,119,140
736,118,120,140
737,118,120,140
738,119,120,140
739,119,120,140
740,119,120,140
741,117,120,140
742,116,120,140
743,116,120,140
744,116,120,141
745,116,120,141
746,117,120,141
747,118,120,141
748,117,120,141
749,117,120,141
750,117,119,141
751,117,119,141
752,115,118,140
753,112,118,140
754,110,114,141
755,109,114,141
756,108,115,143
757,107,115,143
758,106,116,143
759,105,116,143
760,105,115,144
761,105,115,144
762,105,114,144
763,104,114,144
764,105,114,143
765,105,114,143
766,105,115,144
767,105,115,144
768,106,115,144
769,106,115,144
770,106,115,144
771,106,115,144
772,106,115,144
773,106,115,144
774,106,115,143
775,106,115,143
776,106,115,143
777,106,115,143
778,106,115,143
779,106,115,143
780,106,115,143
781,106,115,143
782,107,115,143
783,107,115,143
784,111,116,142
785,114,116,142
786,117,118,141
787,119,118,141
788,119,120,140
789,120,120,140
790,121,121,140
791,121,121,140
792,120,123,140
793,119,123,140
794,119,123,140
795,121,123,140
796,121,123,140
797,119,123,140
798,121,123,140
799,124,123,140
800,123,122,140
801,122,122,140
802,121,121,140
803,121,121,140
804,122,121,140
805,121,121,140
806,122,121,139
807,122,121,139
808,121,122,139
809,121,122,139
810,121,122,139
811,122,122,139
812,121,121,140
813,122,121,140
814,122,121,140
815,122,121,140
816,122,121,139
817,122,121,139
818,122,121,139
819,121,121,139
820,122,121,140
821,122,121,140
822,121,121,140
823,121,121,140
824,122,121,140
825,122,121,140
826,122,121,140
827,122,121,140
828,122,121,140
829,123,121,140
830,123,121,140
831,123,121,140
832,121,122,140
833,121,122,140
834,121,122,140
835,121,122,140
836,120,122,139
837,121,122,139
838,122,121,139
839,122,121,139
840,121,121,140
841,121,121,140
842,122,121,140
843,123,121,140
844,122,123,140
845,121,123,140
846,121,124,140
847,120,124,140
848,121,121,140
849,121,121,140
850,122,121,140
851,122,121,140
852,122,121,140
853,122,121,140
854,122,121,140
855,122,121,140
856,122,121,140
857,123,121,140
858,123,121,140
859,123,121,140
860,123,121,139
861,123,121,139
862,123,121,139
863,123,121,139
864,123,121,139
865,123,121,139
866,123,122,139
867,123,122,139
868,123,122,139
869,123,122,139
870,123,123,139
871,123,123,139
872,123,123,139
873,123,123,139
874,123,123,139
875,123,123,139
876,123,124,139
877,122,124,139
878,122,124,139
879,122,124,139
880,122,123,139
881,122,123,139
882,122,123,139
883,122,123,139
884,122,122,139
885,122,122,139
886,123,123,139
887,123,123,139
888,123,123,139
889,123,123,139
890,121,123,139
891,121,123,139
892,122,122,139
893,121,122,139
894,121,122,139
895,122,122,139
896,123,122,139
897,123,122,139
898,123,122,139
899,124,122,139
900,124,122,139
901,124,122,139
902,123,122,139
903,122,122,139
904,120,122,140
905,120,122,140
906,120,121,140
907,121,121,140
908,121,121,140
909,122,121,140
910,124,122,138
911,125,122,138
912,125,122,138
913,125,122,138
914,124,123,138
915,124,123,138
916,124,123,137
917,125,123,137
918,125,124,137
919,126,124,137
920,127,124,138
921,125,124,138
922,125,124,138
923,125,124,138
924,124,123,138
925,123,123,138
926,124,123,138
927,122,123,138
928,121,123,139
929,121,123,139
930,121,123,139
931,122,123,139
932,122,123,139
933,123,123,139
934,123,123,139
935,123,123,139
936,123,123,139
937,124,123,139
938,124,124,139
939,124,124,139
940,124,124,139
941,124,124,139
942,123,124,139
943,124,124,139
944,124,124,139
945,123,124,139
946,123,124,139
947,123,124,139
948,123,124,139
949,123,124,139
950,124,124,139
951,124,124,139
952,123,124,139
953,123,124,139
954,123,125,139
955,123,125,139
956,123,124,139
957,123,124,139
958,124,124,139
959,125,124,139
960,125,125,138
961,125,125,138
962,125,126,138
963,124,126,138
964,124,125,138
965,124,125,138
966,125,124,138
967,125,124,138
968,125,123,138
969,125,123,138
970,125,122,138
971,124,122,138
972,124,122,138
973,124,122,138
974,124,123,138
975,125,123,138
976,125,123,138
977,125,123,138
978,124,123,139
979,124,123,139
980,124,124,138
981,123,124,138
982,121,125,137
983,116,125,137
984,111,127,137
985,112,127,137
986,111,130,134
987,109,130,134
988,107,129,134
989,108,129,134
990,110,132,133
991,115,132,133
992,120,134,131
993,112,134,131
994,147,136,128
995,169,136,128
996,188,135,127
997,178,135,127
998,164,141,123
999,151,141,123
1000,149,145,122
1001,139,145,122
1002,124,141,124
1003,112,141,124
1004,105,138,128
1005,98,138,128
1006,94,135,129
1007,95,135,129
1008,97,134,130
1009,98,134,130
1010,98,134,130
1011,96,134,130
1012,96,134,130
1013,96,134,130
1014,97,134,130
1015,98,134,130
1016,101,134,130
1017,102,134,130
1018,101,133,130
1019,98,133,130
1020,96,134,130
1021,95,134,130
1022,94,134,130
1023,93,134,130
1024,89,134,130
1025,89,134,130
1026,88,133,130
1027,89,133,130
1028,88,131,131
1029,87,131,131
1030,87,131,131
1031,86,131,131
1032,87,133,132
1033,90,133,132
1034,94,132,133
1035,98,132,133
1036,98,129,134
1037,103,129,134
1038,106,128,135
1039,110,128,135
1040,112,125,137
1041,115,125,137
1042,116,125,138
1043,119,125,138
1044,120,124,138
1045,120,124,138
1046,122,124,138
1047,122,124,138
1048,122,124,138
1049,122,124,138
1050,122,124,138
1051,121,124,138
1052,120,124,138
1053,120,124,138
1054,120,123,138
1055,121,123,138
1056,121,123,138
1057,122,123,138
1058,121,123,138
1059,121,123,138
1060,121,123,138
1061,121,123,138
1062,122,125,138
1063,122,125,138
1064,122,125,138
1065,122,125,138
1066,122,125,138
1067,121,125,138
1068,121,124,138
1069,120,124,138
1070,120,124,138
1071,120,124,138
1072,121,124,138
1073,121,124,138
1074,120,124,138
1075,119,124,138
1076,119,124,138
1077,119,124,138
1078,119,124,138
1079,119,124,138
1080,119,124,138
1081,118,124,138
1082,117,123,139
1083,117,123,139
1084,116,122,139
1085,115,122,139
1086,115,122,139
1087,115,122,139
1088,115,121,139
1089,115,121,139
1090,115,122,139
1091,114,122,139
1092,114,122,139
1093,114,122,139
1094,114,123,139
1095,114,123,139
1096,114,124,139
1097,112,124,139
1098,112,124,139
1099,115,124,139
1100,116,124,138
1101,116,124,138
1102,117,123,138
1103,117,123,138
1104,118,122,138
1105,118,122,138
1106,118,122,138
1107,118,122,138
1108,118,122,138
1109,117,122,138
1110,117,122,138
1111,117,122,138
1112,117,123,138
1113,118,123,138
1114,117,122,139
1115,117,122,139
1116,117,121,140
1117,118,121,140
1118,119,121,140
1119,119,121,140
1120,118,121,138
1121,116,121,138
1122,116,121,138
1123,116,121,138
1124,115,120,138
1125,114,120,138
1126,114,121,138
1127,117,121,138
1128,118,123,138
1129,118,123,138
1130,117,123,138
1131,117,123,138
1132,116,123,138
1133,116,123,138
1134,116,123,138
1135,117,123,138
1136,118,125,138
1137,118,125,138
1138,118,126,137
1139,116,126,137
1140,116,125,138
1141,115,125,138
1142,115,125,138
1143,115,125,138
1144,115,125,138
1145,115,125,138
1146,115,125,138
1147,115,125,138
1148,116,125,138
1149,116,125,138
1150,115,125,138
1151,115,125,138
1152,115,125,138
1153,115,125,138
1154,115,124,138
1155,114,124,138
1156,113,124,138
1157,113,124,138
1158,112,123,139
1159,111,123,139
1160,110,123,139
1161,109,123,139
1162,109,123,139
1163,108,123,139
1164,110,124,138
1165,111,124,138
1166,112,123,139
1167,112,123,139
1168,114,123,139
1169,114,123,139
1170,113,123,139
1171,113,123,139
1172,113,123,138
1173,112,123,138
1174,110,123,138
1175,110,123,138
1176,109,123,138
1177,109,123,138
1178,109,124,138
1179,109,124,138
1180,109,125,137
1181,109,125,137
1182,109,124,137
1183,108,124,137
1184,110,122,135
1185,108,122,135
1186,112,120,127
1187,111,120,127
1188,113,121,115
1189,115,121,115
1190,115,122,115
1191,116,122,115
1192,115,123,113
1193,116,123,113
1194,113,123,112
1195,111,123,112
1196,110,123,112
1197,110,123,112
1198,110,123,112
1199,107,123,112
1200,105,121,111
1201,101,121,111
1202,100,121,110
1203,99,121,110
1204,104,120,111
1205,107,120,111
1206,111,121,112
1207,114,121,112
1208,121,123,113
1209,127,123,113
1210,129,126,113
1211,134,126,113
1212,134,128,113
1213,136,128,113
1214,133,128,112
1215,131,128,112
1216,119,127,117
1217,112,127,117
1218,98,126,126
1219,89,126,126
1220,82,126,131
1221,72,126,131
1222,69,126,133
1223,60,126,133
1224,60,128,133
1225,64,128,133
1226,68,130,132
1227,70,130,132
1228,76,134,130
1229,79,134,130
1230,82,135,128
1231,82,135,128
1232,80,135,128
1233,76,135,128
1234,75,135,128
1235,75,135,128
1236,75,134,128
1237,75,134,128
1238,75,134,129
1239,74,134,129
1240,79,134,129
1241,83,134,129
1242,86,135,129
1243,88,135,129
1244,90,138,127
1245,92,138,127
1246,98,137,127
1247,101,137,127
1248,101,135,127
1249,101,135,127
1250,105,132,128
1251,107,132,128
1252,110,135,128
1253,115,135,128
1254,118,139,127
1255,121,139,127
1256,121,138,127
1257,122,138,127
1258,123,138,127
1259,121,138,127
1260,121,138,126
1261,120,138,126
1262,118,138,126
1263,117,138,126
1264,117,138,128
1265,118,138,128
1266,125,137,128
1267,127,137,128
1268,128,139,127
1269,127,139,127
1270,127,139,126
1271,124,139,126
1272,123,139,126
1273,122,139,126
1274,124,139,127
1275,123,139,127
1276,127,138,127
1277,129,138,127
1278,132,143,129
1279,132,143,129
